City_ID,City,Lat,Lng,Max Temp,Humidity,Cloudiness,Wind Speed,Country,Date
0,waitangi,-43.9535,-176.5597,10.83,72,67,7.96,NZ,1731370043
1,galesong,-5.3166,119.3661,27.66,75,67,2.51,ID,1731370043
2,mermoz boabab,14.7065,-17.4758,27.13,71,100,6.7,SN,1731370044
3,al fahahil,29.0825,48.1303,26.05,49,0,2.47,KW,1731370044
4,wailua homesteads,22.0669,-159.378,25.44,93,100,4.12,US,1731370044
5,sunzha,43.3211,45.0522,5.56,96,100,2.32,RU,1731370045
6,puerto natales,-51.7236,-72.4875,7.29,85,78,5.15,CL,1731370045
7,edinburgh of the seven seas,-37.0676,-12.3116,13.09,78,100,6.92,SH,1731370046
8,grytviken,-54.2811,-36.5092,-0.35,92,93,4.76,GS,1731370046
9,port-aux-francais,-49.35,70.2167,4.87,92,100,6.11,TF,1731370046
10,belyy yar,53.6039,91.3903,1.94,69,0,7.0,RU,1731370047
11,isafjordur,66.0755,-23.124,9.15,89,100,10.47,IS,1731370047
12,horad zhodzina,54.0983,28.3325,0.67,87,78,1.72,BY,1731370047
13,fort bragg,35.139,-79.006,18.91,91,0,2.06,US,1731370048
14,santo antonio,-6.3106,-35.4789,23.56,76,77,2.86,BR,1731370048
15,ha'il,27.5219,41.6907,18.01,72,0,1.03,SA,1731370049
16,carnarvon,-24.8667,113.6333,22.42,54,15,9.19,AU,1731370049
17,cabedelo,-6.9811,-34.8339,26.37,74,94,3.25,BR,1731370049
18,massaguet,12.4755,15.4365,26.63,23,2,5.24,TD,1731370049
19,invercargill,-46.4,168.35,15.57,57,14,5.81,NZ,1731369949
20,hawaiian paradise park,19.5933,-154.9731,24.39,92,13,0.89,US,1731370050
21,kuta,-8.7233,115.1723,27.97,94,40,2.06,ID,1731370050
22,plouguerneau,48.6,-4.5,8.36,93,0,1.54,FR,1731370051
23,hithadhoo,-0.6,73.0833,28.57,70,100,8.04,MV,1731370051
24,alofi,-19.0595,-169.9187,21.94,94,75,7.2,NU,1731370051
25,lebu,-37.6167,-73.65,11.8,73,85,7.19,CL,1731370051
26,hermanus,-34.4187,19.2345,16.0,81,46,3.38,ZA,1731370052
27,kambia,9.1167,-12.9167,24.72,84,30,1.18,SL,1731370052
28,puerto ayora,-0.7393,-90.3518,21.97,86,50,2.68,EC,1731370052
29,ribeira grande,38.5167,-28.7,20.99,95,95,10.28,PT,1731370053
30,targu carbunesti,44.95,23.5167,3.34,96,100,1.36,RO,1731370053
31,tenno,39.9,139.9667,11.43,66,98,2.55,JP,1731370053
32,port mathurin,-19.6833,63.4167,24.2,80,76,9.63,MU,1731370054
33,motomachi,43.8228,144.1044,5.94,71,59,2.27,JP,1731370054
34,qurayyat,31.3318,37.3428,13.1,58,0,0.0,SA,1731370054
35,santa marta de ortigueira,43.6833,-7.85,15.7,75,95,0.89,ES,1731370054
36,manokwari,-0.8667,134.0833,28.18,72,58,1.4,ID,1731370003
37,terre haute,39.4667,-87.4139,14.42,60,0,3.6,US,1731369758
38,ushuaia,-54.8,-68.3,7.81,81,75,1.54,AR,1731369898
39,iquique,-20.2208,-70.1431,18.39,77,5,1.6,CL,1731370056
40,roma,43.2128,-75.4557,10.76,95,100,5.66,US,1731370056
41,esmeraldas,-19.7625,-44.3139,21.64,79,51,1.08,BR,1731370056
42,taoudenni,22.6783,-3.9836,24.4,18,25,2.69,ML,1731370057
43,tsiombe,-25.3,45.4833,21.75,93,99,1.8,MG,1731370057
44,monrovia,6.3005,-10.7969,26.31,85,61,4.32,LR,1731370057
45,tura,25.5198,90.2201,17.51,90,1,1.66,IN,1731370057
46,adamstown,-25.066,-130.1015,21.76,64,91,0.87,PN,1731369998
47,yellowknife,62.456,-114.3525,-7.55,98,100,3.13,CA,1731370058
48,zhangatas,43.5667,69.75,4.1,78,98,4.54,KZ,1731370058
49,utrik,11.2278,169.8474,28.48,77,16,7.28,MH,1731370059
50,la passe,45.5549,-0.8967,10.39,84,75,6.29,FR,1731370059
51,coquimbo,-29.9533,-71.3436,14.99,70,0,3.6,CL,1731370059
52,longyearbyen,78.2186,15.6401,-0.09,100,75,2.57,SJ,1731370032
53,petropavlovsk-kamchatsky,53.0452,158.6483,2.33,52,75,3.0,RU,1731370060
54,constantia,44.1833,28.65,4.38,80,100,6.74,RO,1731370060
55,cadale,2.7603,46.3222,26.29,83,100,4.97,SO,1731370060
56,weno,7.4515,151.8468,25.97,94,100,3.09,FM,1731370061
57,prince rupert,54.3161,-130.3201,7.83,82,100,7.2,CA,1731369811
58,albany,42.6001,-73.9662,14.21,60,34,1.34,US,1731370061
59,klyuchi,52.2667,79.1667,-7.47,80,97,6.79,RU,1731370062
60,constitucion,-35.3333,-72.4167,14.33,69,16,7.41,CL,1731370062
61,pali,25.7667,73.3333,21.58,36,27,1.09,IN,1731370062
62,businga,3.3333,20.8833,21.39,98,60,0.6,CD,1731370062
63,margaret river,-33.95,115.0667,16.13,67,99,4.72,AU,1731370063
64,yuzhno-kurilsk,44.0306,145.8556,6.89,64,55,3.75,RU,1731370063
65,bethel,41.3712,-73.414,14.41,66,0,0.45,US,1731370063
66,ghat,24.9647,10.1728,18.91,27,19,0.8,LY,1731370064
67,alupka,44.4167,34.05,9.5,87,53,3.01,UA,1731370064
68,maktar,35.858,9.2007,10.94,84,77,2.37,TN,1731370064
69,lagunas,-5.2269,-75.6753,29.71,58,92,1.05,PE,1731370065
70,qaqortoq,60.7167,-46.0333,-1.5,81,100,9.95,GL,1731370005
71,sao gabriel da cachoeira,-0.1303,-67.0892,27.63,68,80,0.4,BR,1731370065
72,vilcun,-38.65,-72.2333,8.41,72,87,2.02,CL,1731370065
73,georgetown,5.4112,100.3354,26.96,83,20,0.0,MY,1731370066
74,ancud,-41.8697,-73.8203,10.42,87,100,4.09,CL,1731370066
75,college,64.8569,-147.8028,-15.61,80,75,0.0,US,1731370066
76,iqaluit,63.7506,-68.5145,-10.17,85,97,0.89,CA,1731370067
77,cuamba,-14.8031,36.5372,24.44,57,2,2.03,MZ,1731370067
78,dalandzadgad,43.5708,104.425,1.92,47,10,2.3,MN,1731370067
79,alice springs,-23.7,133.8833,23.75,69,97,2.57,AU,1731370068
80,new norfolk,-42.7826,147.0587,19.28,32,3,1.52,AU,1731370068
81,bridgewater,44.3835,-64.5155,10.62,93,100,0.45,CA,1731370068
82,kachug,53.9606,105.8817,-7.73,88,100,0.71,RU,1731370068
83,gadzhiyevo,69.2551,33.3362,2.36,88,100,7.77,RU,1731370069
84,santa cruz,-17.8,-63.1667,27.7,78,40,2.57,BO,1731370048
85,uturoa,-16.7333,-151.4333,26.29,81,82,8.11,PF,1731370069
86,blackmans bay,-43.0167,147.3167,18.62,48,31,0.89,AU,1731370070
87,port-vila,-17.7338,168.3219,29.78,58,75,5.14,VU,1731370070
88,west island,-12.1568,96.8225,26.99,78,100,6.17,CC,1731369962
89,magadan,59.5667,150.8,-12.5,71,100,4.5,RU,1731370071
90,mar del plata,-38.0023,-57.5575,11.72,74,0,2.68,AR,1731370017
91,atafu village,-8.5421,-172.5159,28.72,72,4,6.52,TK,1731370071
92,bilibino,68.0546,166.4372,-24.07,98,70,1.86,RU,1731370071
93,murzuq,25.9155,13.9184,17.7,28,33,2.94,LY,1731370072
94,kittila,67.6647,24.8936,-1.92,93,100,2.06,FI,1731370072
95,jamestown,42.097,-79.2353,10.57,78,100,8.75,US,1731369992
96,abadeh,31.1608,52.6506,11.4,48,25,2.86,IR,1731370073
97,panacan,9.2463,118.4082,27.66,80,70,0.47,PH,1731370073
98,afaahiti,-17.75,-149.2833,23.44,85,99,7.88,PF,1731370073
99,nemuro,43.3236,145.575,7.45,68,76,5.66,JP,1731370073
100,hamilton,39.1834,-84.5333,14.49,73,0,3.13,US,1731369497
101,salekhard,66.53,66.6019,-16.15,95,100,4.54,RU,1731370074
102,lihue,21.9789,-159.3672,25.77,97,100,4.12,US,1731370074
103,sao felix do xingu,-6.6447,-51.995,22.01,99,100,0.92,BR,1731370075
104,tolanaro,-25.0319,46.9987,23.39,81,84,1.77,MG,1731370075
105,kapoeta,4.7717,33.5903,24.57,68,60,0.92,SS,1731370075
106,ilulissat,69.2167,-51.1,-3.99,74,100,4.96,GL,1731370076
107,zabol,32.25,67.25,5.19,47,67,2.72,AF,1731370076
108,berezovyy,51.6667,135.7,-6.42,57,100,0.77,RU,1731370031
109,thompson,55.7435,-97.8558,-4.69,78,71,2.59,CA,1731370076
110,chela,34.069,104.4619,3.94,91,97,0.78,CN,1731370077
111,makoua,0.0069,15.6333,21.39,94,6,0.87,CG,1731370077
112,marks,51.7111,46.7486,-0.04,81,89,0.44,RU,1731370077
113,playa blanca,28.8643,-13.8281,21.06,81,0,7.4,ES,1731370078
114,wulingyuan,29.3494,110.5441,14.24,76,100,0.72,CN,1731370078
115,mount gambier,-37.8333,140.7667,17.92,72,79,3.11,AU,1731370078
116,wanning,18.8003,110.3967,23.84,93,100,3.77,CN,1731370079
117,vorgashor,67.5833,63.95,-15.28,95,100,3.51,RU,1731370079
118,raja,8.4596,25.678,23.78,38,47,1.54,SS,1731370079
119,fisterra,42.9049,-9.2629,15.29,75,34,9.47,ES,1731370079
120,al bayda',32.7627,21.7551,15.27,61,3,5.02,LY,1731370080
121,pisco,-13.7,-76.2167,19.03,82,0,7.2,PE,1731370080
122,la ronge,55.1001,-105.2842,1.12,80,100,6.17,CA,1731370080
123,bredasdorp,-34.5322,20.0403,13.98,89,19,1.23,ZA,1731369990
124,alaghsas,17.0187,8.0168,20.73,24,1,4.92,NE,1731370018
125,shanhecun,44.7,127.2,1.31,64,21,3.37,CN,1731370082
126,tol'yatti,53.5303,49.3461,-0.32,84,86,1.61,RU,1731370082
127,dhulikhel,27.6189,85.5529,12.75,90,0,0.58,NP,1731370082
128,tegueste,28.5167,-16.3167,18.78,65,0,2.57,ES,1731370082
129,zabaykal'sk,49.6333,117.3167,-6.13,74,2,1.51,RU,1731370083
130,la cocha,-27.7773,-65.5704,15.25,92,100,1.97,AR,1731370083
131,aasiaat,68.7098,-52.8699,-2.47,78,100,8.11,GL,1731370083
132,tazovsky,67.4667,78.7,-24.1,96,90,5.42,RU,1731370084
133,buka,40.8108,69.1986,7.62,68,96,1.45,UZ,1731370084
134,ostersund,63.1792,14.6357,4.78,94,100,5.14,SE,1731370085
135,fort saskatchewan,53.7168,-113.2187,3.21,87,86,2.68,CA,1731370085
136,copiapo,-27.3667,-70.3333,22.46,43,0,1.65,CL,1731370085
137,ust-nera,64.5667,143.2,-29.82,99,84,0.82,RU,1731370086
138,papatowai,-46.5619,169.4708,15.11,49,13,4.53,NZ,1731370086
139,marechal candido rondon,-24.5561,-54.0567,26.25,55,28,2.4,BR,1731370086
140,puerto colombia,10.9878,-74.9547,25.05,76,100,4.45,CO,1731370087
141,kavarna,43.4333,28.3333,5.32,99,85,6.95,BG,1731370087
142,swift current,50.2834,-107.8014,7.7,62,100,9.83,CA,1731370087
143,at taj,24.2049,23.2857,15.46,34,0,3.06,LY,1731370088
144,east london,-33.0153,27.9116,16.41,86,7,1.88,ZA,1731370088
145,badger,64.8,-147.5333,-15.66,78,75,0.0,US,1731370088
146,port alfred,-33.5906,26.891,17.32,94,1,0.89,ZA,1731370088
147,farafangana,-22.8167,47.8333,23.76,95,75,2.67,MG,1731370089
148,les cayes,18.2,-73.75,25.51,91,81,4.1,HT,1731370089
149,colonia,50.9333,6.95,9.51,92,75,1.54,DE,1731370075
150,argo,37.6333,22.7333,13.33,74,95,0.86,GR,1731370090
151,tirmiz,37.2242,67.2783,7.05,81,0,2.06,UZ,1731370090
152,port douglas,-16.4833,145.4667,27.83,66,37,3.49,AU,1731370090
153,tierra nueva,21.6833,-100.5667,20.43,49,39,5.01,MX,1731370091
154,la'ie,21.6477,-157.9253,28.98,82,16,3.58,US,1731370091
155,talnakh,69.4865,88.3972,-28.11,91,49,0.86,RU,1731370091
156,sur,22.5667,59.5289,26.22,49,6,1.33,OM,1731370091
157,whitehorse,60.7161,-135.0538,-1.57,86,75,1.03,CA,1731369890
158,nogliki,51.8333,143.1667,-4.24,52,65,5.28,RU,1731370092
159,avarua,-21.2078,-159.775,25.03,57,75,6.69,CK,1731370092
160,dudinka,69.4058,86.1778,-23.56,93,47,5.71,RU,1731370093
161,queenstown,-31.8976,26.8753,12.04,86,80,1.75,ZA,1731370093
162,fada,7.25,4.0667,22.87,96,27,0.5,NG,1731370093
163,wau,7.7029,27.9953,26.17,56,49,0.58,SS,1731370094
164,yeola,20.0333,74.4833,19.62,56,1,1.38,IN,1731370094
165,yerofey pavlovich,53.9667,121.9667,-18.7,97,15,1.27,RU,1731370094
166,codrington,-38.2667,141.9667,18.07,61,98,1.52,AU,1731370094
167,guiuan,11.0333,125.7247,28.09,76,63,1.29,PH,1731370095
168,tari,-11.1105,14.3559,19.11,93,99,0.81,AO,1731370095
169,punta arenas,-53.15,-70.9167,10.06,71,75,7.2,CL,1731370009
170,bayganin,48.6947,55.8742,-3.85,64,60,3.54,KZ,1731370096
171,haiku-pauwela,20.9219,-156.3051,27.36,69,40,12.52,US,1731370096
172,artsyz,45.9919,29.4182,6.02,79,100,4.2,UA,1731370096
173,tual,-5.6667,132.75,28.49,71,73,4.67,ID,1731370097
174,dunedin,-45.8742,170.5036,12.83,62,0,4.12,NZ,1731369989
175,zaqatala,41.6336,46.6433,7.26,81,75,1.03,AZ,1731370097
176,richards bay,-28.783,32.0377,19.49,88,100,2.52,ZA,1731370097
177,maceio,-9.6658,-35.7353,25.69,83,40,2.06,BR,1731370098
178,mirny,62.5353,113.9611,-11.13,97,98,1.59,RU,1731370098
179,nova xavantina,-14.6667,-52.35,23.69,87,64,2.16,BR,1731370098
180,nova sintra,14.8667,-24.7167,27.07,69,1,7.08,CV,1731370099
181,karratha,-20.7377,116.8463,31.25,29,7,5.0,AU,1731370099
182,dryden,49.7833,-92.7503,-0.99,76,3,1.18,CA,1731370099
183,cidreira,-30.1811,-50.2056,19.51,81,74,6.71,BR,1731370100
184,margate,51.3813,1.3862,9.27,84,46,3.13,GB,1731370100
185,olonkinbyen,70.9221,-8.7187,0.36,96,100,7.93,SJ,1731370101
186,prado,-17.3411,-39.2208,23.48,82,47,2.69,BR,1731370101
187,ati,13.2154,18.3353,26.89,22,0,5.64,TD,1731370101
188,stanley,54.868,-1.6985,6.27,91,78,1.03,GB,1731370101
189,walvis bay,-22.9575,14.5053,13.28,91,0,0.97,NA,1731370102
190,iskateley,67.6803,53.1512,-7.09,98,100,2.41,RU,1731370102
191,puerto aysen,-45.4,-72.7,7.54,100,100,2.75,CL,1731370102
192,udachny,66.4167,112.4,-24.13,100,100,1.72,RU,1731370002
193,magole,-6.3667,37.3667,22.12,87,8,0.59,TZ,1731370103
194,vilyuysk,63.7553,121.6247,-16.49,99,99,1.25,RU,1731370103
195,natchez,31.5604,-91.4032,21.69,60,0,2.06,US,1731370104
196,nar'yan-mar,67.6713,53.087,-6.99,99,100,2.36,RU,1731370104
197,maitum,6.0392,124.4986,28.71,73,24,0.54,PH,1731370105
198,puerto deseado,-47.7503,-65.8938,15.0,41,100,5.88,AR,1731370105
199,kailua-kona,19.6406,-155.9956,29.2,74,0,4.63,US,1731369948
200,muynoq,43.7683,59.0214,7.4,78,100,4.43,UZ,1731370106
201,troitskoye,52.9821,84.6757,-8.04,87,98,5.98,RU,1731370106
202,bakanas,44.8081,76.2772,5.75,74,100,4.59,KZ,1731370106
203,monster,52.0258,4.175,10.57,90,75,5.66,NL,1731370106
204,peruibe,-24.32,-46.9983,19.65,94,0,2.09,BR,1731370107
205,sallisaw,35.4604,-94.7875,17.98,71,0,0.0,US,1731370107
206,howard springs,-12.497,131.047,31.95,78,66,3.05,AU,1731370107
207,portland,45.5234,-122.6762,11.17,92,95,4.02,US,1731369711
208,gua musang,4.8823,101.9644,23.48,98,100,0.15,MY,1731370108
209,ishigaki,24.3448,124.1572,26.07,89,75,5.66,JP,1731369993
210,terme,41.2092,36.9739,12.49,73,96,1.53,TR,1731370109
211,port lincoln,-34.7333,135.8667,19.69,68,15,4.17,AU,1731370083
212,oroqen zizhiqi,50.5667,123.7167,-11.0,91,73,1.14,CN,1731370109
213,hirara,24.8,125.2833,26.48,83,100,6.95,JP,1731370110
214,natal,-5.795,-35.2094,26.58,68,96,4.05,BR,1731370110
215,domna,51.8971,113.1573,-17.91,85,100,0.0,RU,1731370110
216,ulsteinvik,62.3432,5.8487,6.84,93,100,3.21,NO,1731370111
217,gremda,34.75,10.7833,19.96,60,60,3.3,TN,1731370111
218,altamira,-3.2033,-52.2064,27.97,62,100,1.31,BR,1731370111
219,nikel,69.4128,30.222,1.13,93,100,3.3,RU,1731370112
220,mawu,34.4307,104.9176,3.65,91,93,1.89,CN,1731370112
221,flying fish cove,-10.4217,105.6791,26.82,89,75,3.6,CX,1731370112
222,sinabang,2.4803,96.3801,25.75,88,100,3.17,ID,1731370113
223,fuerte olimpo,-21.0415,-57.8738,30.59,35,8,1.87,PY,1731370114
224,cooma,-36.2333,149.1333,22.94,31,54,1.8,AU,1731370114
225,khanty-mansiysk,61.0042,69.0019,-13.94,78,0,2.0,RU,1731370114
226,bamboo flat,11.7,92.7167,28.05,83,40,2.06,IN,1731370115
227,touros,-5.1989,-35.4608,26.38,71,97,4.48,BR,1731370115
228,canutama,-6.5339,-64.3831,27.32,67,84,0.59,BR,1731370115
229,hasaki,35.7333,140.8333,19.16,58,15,1.31,JP,1731370116
230,amga,60.8953,131.9608,-16.78,97,99,1.23,RU,1731370116
231,quatre cocos,-20.2078,57.7625,24.06,68,52,6.16,MU,1731370116
232,idfu,24.9803,32.8747,18.6,40,0,4.22,EG,1731370117
233,shwebo,22.5667,95.7,20.88,95,7,1.87,MM,1731370117
234,oranjemund,-28.55,16.4333,14.68,94,1,5.04,NA,1731370117
235,san antonio de pale,-1.4014,5.6325,25.9,84,76,4.21,GQ,1731370117
236,shubarkuduk,49.1447,56.4872,-5.5,70,21,2.39,KZ,1731370118
237,ar ruways,24.1103,52.7306,23.9,66,31,1.62,AE,1731370118
238,kununurra,-15.7667,128.7333,33.99,59,36,4.12,AU,1731370118
239,puerto san jose,13.9256,-90.8244,27.21,78,38,1.82,GT,1731370119
240,siwa oasis,29.2041,25.5195,18.4,48,64,2.41,EG,1731370119
241,khandyga,62.6667,135.6,-22.41,99,99,1.06,RU,1731370119
242,tiksi,71.6872,128.8694,-17.08,94,100,1.59,RU,1731370120
243,kingston,17.997,-76.7936,27.53,89,20,3.09,JM,1731369959
244,sabang,5.8933,95.3214,26.71,75,100,4.67,ID,1731370120
245,qarqaraly,49.4058,75.4742,-17.7,100,100,2.37,KZ,1731370120
246,ambalangoda,6.2355,80.0538,25.71,87,25,3.11,LK,1731370121
247,keflavik,64.0049,-22.5624,10.24,100,100,16.46,IS,1731370121
248,tanout,14.9709,8.8879,22.16,24,0,4.92,NE,1731370121
249,usinsk,65.9939,57.5281,-7.16,96,100,3.06,RU,1731370122
250,labrador city,52.9463,-66.9114,-3.23,81,100,26.82,CA,1731370122
251,felipe carrillo puerto,19.5833,-88.05,23.55,96,10,0.75,MX,1731370011
252,remire-montjoly,4.9167,-52.2667,25.02,100,75,1.03,GF,1731370123
253,newman,37.3138,-121.0208,12.8,82,75,2.6,US,1731370123
254,robore,-18.3333,-59.75,27.57,63,37,2.34,BO,1731370123
255,lagos,6.5833,3.75,24.48,93,9,0.11,NG,1731370104
256,vila franca do campo,37.7167,-25.4333,20.23,99,70,7.1,PT,1731370124
257,happy valley-goose bay,53.3168,-60.3315,-0.83,74,100,3.6,CA,1731370124
258,norfolk,42.1668,-71.2495,14.34,71,4,2.02,US,1731370124
259,al jawf,29.5,38.75,17.31,51,83,2.19,SA,1731370125
260,xining,36.6167,101.7667,2.22,80,97,1.15,CN,1731370125
261,'ain el hadjar,34.7585,0.1453,9.87,84,0,1.68,DZ,1731370125
262,burang,30.25,81.1667,-3.4,71,26,2.22,CN,1731370125
263,soweto,-26.2678,27.8585,15.31,80,100,1.82,ZA,1731370126
264,port elizabeth,-33.918,25.5701,17.4,97,1,0.89,ZA,1731370126
265,oum el bouaghi,35.8754,7.1135,10.76,82,97,3.56,DZ,1731370126
266,nacala,-14.5428,40.6728,25.4,85,42,2.97,MZ,1731370127
267,fort mcmurray,56.7268,-111.381,0.75,76,95,2.6,CA,1731370127
268,promyshlennaya,54.9159,85.6385,-8.29,83,100,6.03,RU,1731370128
269,kohima,25.6667,94.1167,13.4,83,26,1.57,IN,1731370128
270,vilyuchinsk,52.9306,158.4028,3.15,75,18,16.0,RU,1731370128
271,candelaria,13.9311,121.4233,26.61,93,100,1.32,PH,1731370129
272,guerrero negro,27.9769,-114.0611,18.81,62,91,6.07,MX,1731370129
273,nekrasovskiy,56.0667,37.5,-0.1,74,75,2.0,RU,1731370129
274,papao,-17.75,-149.55,29.82,88,95,8.52,PF,1731370130
275,al kharijah,25.4514,30.5464,16.43,51,0,3.56,EG,1731370130
276,kasongo,-4.45,26.6667,20.09,90,43,0.86,CD,1731370130
277,yutan,28.25,112.55,18.56,66,98,2.72,CN,1731370130
278,tshikapa,-6.4167,20.8,20.43,93,7,0.52,CD,1731370131
279,gornozavodsk,58.3758,58.3211,-8.43,91,96,3.55,RU,1731370131
280,kalymnos,36.95,26.9833,15.74,72,0,2.06,GR,1731370131
281,harar,9.3094,42.1258,13.91,50,75,1.9,ET,1731370132
282,anadyr,64.75,177.4833,-12.72,84,0,4.92,RU,1731370132
283,praia,14.9215,-23.5087,25.75,70,0,4.89,CV,1731370132
284,sarupathar,26.1984,93.8094,17.43,96,26,0.76,IN,1731370133
285,port moresby,-9.4431,147.1797,28.23,73,100,2.0,PG,1731370085
286,fale old settlement,-9.3852,-171.2468,28.77,65,3,7.04,TK,1731370133
287,isla mujeres,21.2311,-86.731,25.09,84,63,2.68,MX,1731370134
288,trabzon,40.9167,39.8333,11.05,72,75,3.09,TR,1731370134
289,el porvenir,13.7617,-87.3458,22.26,97,23,0.13,HN,1731370134
290,mugia,43.1041,-9.2179,14.39,82,53,10.95,ES,1731370134
291,mandapam,9.2833,79.1167,27.79,72,10,6.65,IN,1731370135
292,mana,5.6592,-53.7767,25.73,86,100,5.98,GF,1731370135
293,port macquarie,-31.4333,152.9167,20.04,90,99,1.79,AU,1731370135
294,isangel,-19.55,169.2667,29.06,70,75,3.09,VU,1731370136
295,kodiak,57.79,-152.4072,5.73,45,0,3.6,US,1731370136
296,chonchi,-42.6128,-73.8092,11.18,93,100,1.5,CL,1731370080
297,floriano,-6.7669,-43.0225,22.79,93,100,0.89,BR,1731370137
298,fort st. john,56.2499,-120.8529,-1.06,93,100,1.54,CA,1731370137
299,kapuskasing,49.4169,-82.4331,-1.95,86,100,7.72,CA,1731370137
300,oamaru,-45.0784,170.9801,13.49,67,17,3.95,NZ,1731370138
301,kuusamo,65.9667,29.1833,-2.98,100,100,1.54,FI,1731370138
302,manchester,53.4809,-2.2374,5.97,91,45,1.54,GB,1731370138
303,garoowe,8.4054,48.4845,23.78,66,100,4.19,SO,1731370139
304,kawambwa,-9.7915,29.0791,16.91,87,94,0.92,ZM,1731370139
305,puerto la cruz,10.2167,-64.6167,27.19,86,46,6.45,VE,1731370139
306,magistral'nyy,56.1725,107.4458,-5.34,90,100,1.27,RU,1731370139
307,igarka,67.4667,86.5833,-23.56,94,99,4.34,RU,1731370140
308,hargeysa,9.56,44.065,16.91,73,100,4.62,SO,1731370140
309,minas de marcona,-15.2119,-75.1103,14.89,77,74,4.98,PE,1731370140
310,kembe,4.6228,21.8865,20.57,96,52,0.77,CF,1731370141
311,kenora,49.8167,-94.4337,0.43,64,27,1.34,CA,1731370141
312,lautoka,-17.6167,177.4667,28.92,61,20,7.2,FJ,1731370141
313,chililabombwe,-12.3648,27.8229,17.25,96,99,1.35,ZM,1731370142
314,nishinoomote,30.7333,131.0,22.31,94,75,0.51,JP,1731370142
315,geraldton,-28.7667,114.6,19.23,63,0,7.72,AU,1731370142
316,ust'-ilimsk,58.0006,102.6619,-3.31,92,100,1.98,RU,1731370142
317,el parral,16.3675,-93.0058,24.71,92,12,2.07,MX,1731370143
318,enewetak,11.3474,162.3373,28.58,79,36,7.54,MH,1731370143
319,nelson bay,-32.7167,152.15,19.49,100,100,1.79,AU,1731370143
320,praia da vitoria,38.7333,-27.0667,19.42,92,100,8.96,PT,1731370144
321,dosso,13.049,3.1937,23.29,20,0,4.01,NE,1731370144
322,plettenberg bay,-34.0527,23.3716,15.69,83,7,1.57,ZA,1731370144
323,arraial do cabo,-22.9661,-42.0278,22.81,82,0,9.51,BR,1731370145
324,jindrichuv hradec,49.144,15.003,0.53,99,12,1.34,CZ,1731370145
325,sitka,57.0531,-135.33,7.94,76,75,0.0,US,1731370145
326,arauca,7.0847,-70.7591,27.98,89,0,2.08,CO,1731370146
327,mwene-ditu,-7.0,23.45,17.81,97,5,0.2,CD,1731370146
328,manismata,-2.4667,111.0333,26.48,85,91,0.52,ID,1731370146
329,lodja,-3.4833,23.4333,21.09,85,58,1.03,CD,1731370147
330,mahikeng,-25.8652,25.6442,17.6,82,99,3.08,ZA,1731370147
331,beloyarskiy,63.7119,66.6722,-11.0,90,100,2.9,RU,1731370147
332,marsabit,2.3284,37.9899,20.6,67,96,3.34,KE,1731370148
333,sisimiut,66.9395,-53.6735,-4.23,93,98,5.11,GL,1731370148
334,ewo,-0.8725,14.8206,22.11,91,11,0.57,CG,1731370148
335,onoda,34.0014,131.1836,16.82,87,1,1.49,JP,1731370148
336,luderitz,-26.6481,15.1594,14.9,82,1,7.88,NA,1731370149
337,saipan,15.1355,145.701,30.39,82,75,5.66,MP,1731370149
338,vila velha,-20.3297,-40.2925,23.97,87,100,1.54,BR,1731370150
339,ierapetra,35.01,25.7353,16.19,70,33,2.68,GR,1731370150
340,mukalla,14.5425,49.1242,24.01,72,9,1.4,YE,1731370150
341,spring creek,40.7266,-115.5859,12.67,25,94,2.24,US,1731370151
342,kungur,57.4368,56.9593,-7.62,91,38,4.55,RU,1731370151
343,rongelap,11.1635,166.8941,28.42,78,65,7.37,MH,1731370151
344,glen innes,-29.7333,151.7333,22.34,53,77,5.37,AU,1731370152
345,songjiang,31.036,121.2146,15.98,72,0,2.93,CN,1731370152
346,gosaba,22.165,88.7998,20.88,67,43,3.04,IN,1731370152
347,rock springs,41.5875,-109.2029,9.69,33,0,5.66,US,1731370153
348,baker city,44.7749,-117.8344,6.84,70,100,2.57,US,1731370153
349,isla aguada,18.7833,-91.4667,27.69,79,66,6.31,MX,1731370153
350,nadym,65.5333,72.5167,-22.21,100,77,4.53,RU,1731370153
351,jayrud,33.8074,36.7404,13.73,78,97,1.99,SY,1731370154
352,viana do castelo,41.6932,-8.8329,14.98,79,7,2.52,PT,1731370154
353,oujda-angad,34.6805,-1.9076,11.35,76,40,2.06,MA,1731370154
354,swanage,50.6092,-1.9626,6.59,92,33,6.86,GB,1731370155
355,ottawa,45.4112,-75.6981,10.69,91,75,5.66,CA,1731370071
356,san bernardo del viento,9.3533,-75.9524,26.43,78,59,2.79,CO,1731370155
357,north bondi,-33.8824,151.2769,22.75,71,75,6.17,AU,1731370156
358,narok,-1.0783,35.8601,13.11,90,53,1.45,KE,1731370156
359,zheleznodorozhnyy,55.7503,38.0042,-0.25,71,87,1.63,RU,1731370156
360,laguna,38.421,-121.4238,15.59,75,0,2.06,US,1731370157
361,lerwick,60.1545,-1.1494,9.89,84,100,4.68,GB,1731370157
362,batang,-6.4846,110.7083,27.43,74,100,1.96,ID,1731370157
363,rancho palos verdes,33.7445,-118.387,17.9,77,0,7.2,US,1731370122
364,sungai penuh,-2.0833,101.3833,20.34,91,100,0.75,ID,1731370158
365,zaozersk,69.4005,32.4476,1.88,89,99,5.99,RU,1731370158
366,kirakira,-10.4544,161.9205,28.75,77,82,4.57,SB,1731370158
367,dan khun thot,15.2085,101.7714,21.33,84,49,1.66,TH,1731370159
368,baiyin,36.5583,104.2081,6.33,59,100,0.58,CN,1731370159
369,saldanha,-33.0117,17.9442,15.67,92,99,6.81,ZA,1731370159
370,wick,58.4333,-3.0833,7.03,87,73,2.57,GB,1731370160
371,malango,-2.9627,119.9001,21.74,94,100,0.26,ID,1731370160
372,nago,26.5881,127.9761,25.32,85,83,4.92,JP,1731370160
373,mejit,10.2753,170.8646,28.7,74,73,6.46,MH,1731370160
374,bemidji,47.4736,-94.8803,0.05,79,0,0.0,US,1731370161
375,bandrele,-12.9067,45.1914,26.86,83,0,1.03,YT,1731370161
376,tarrafal de sao nicolau,16.5667,-24.3667,25.92,66,0,3.64,CV,1731370161
377,upington,-28.4478,21.2561,18.22,24,0,2.83,ZA,1731370162
378,savonlinna,61.8699,28.88,0.03,93,100,1.54,FI,1731370162
379,sola,-13.8833,167.55,30.37,66,40,2.06,VU,1731370162
380,toliara,-23.35,43.6667,22.83,84,25,3.39,MG,1731370163
381,baruun-urt,46.6806,113.2792,-2.7,58,9,1.76,MN,1731370163
382,aubigny-sur-nere,47.4882,2.439,4.49,100,54,3.77,FR,1731370163
383,bukoba,-1.3317,31.8122,19.63,81,100,2.62,TZ,1731370164
384,veinticinco de mayo,-35.4323,-60.1727,9.99,74,1,3.88,AR,1731370164
385,coahuayana de hidalgo,18.7,-103.6583,26.49,80,11,1.53,MX,1731370164
386,grantsville,40.5999,-112.4644,17.99,17,0,8.75,US,1731370164
387,marat,25.0701,45.4615,20.72,36,55,3.16,SA,1731370165
388,putina,-15.4667,-69.4333,10.49,62,18,6.24,PE,1731370165
389,nizhniy kuranakh,58.8353,125.4869,-19.19,97,76,1.1,RU,1731370165
390,kaposvar,46.3667,17.8,1.24,73,66,0.36,HU,1731370166
391,kavieng,-2.5744,150.7967,29.53,67,25,3.45,PG,1731370166
392,midvagur,62.0511,-7.1939,10.46,93,100,6.69,FO,1731370166
393,moose jaw,50.4001,-105.5344,6.19,53,99,7.96,CA,1731370167
394,harstad,68.799,16.5293,5.09,96,99,8.49,NO,1731370167
395,heunghae,36.1125,129.3522,15.55,71,6,2.62,KR,1731370168
396,nzerekore,7.7562,-8.8179,21.77,74,17,1.34,GN,1731370168
397,bel ombre,-4.6167,55.4167,27.1,78,98,3.86,SC,1731370168
398,knyaze-volkonskoye,48.4642,135.4567,-2.81,81,100,3.48,RU,1731370168
399,crane,31.3974,-102.3501,21.0,30,85,4.56,US,1731370169
400,huarmey,-10.0681,-78.1522,19.14,83,65,3.91,PE,1731370150
401,northam,51.0333,-4.2167,9.23,81,48,2.13,GB,1731370170
402,jaen,38.0,-3.5,11.58,67,1,2.19,ES,1731370170
403,ormara,25.2088,64.6357,27.3,42,3,2.37,PK,1731370170
404,trinity beach,-16.7888,145.6968,30.94,58,29,4.12,AU,1731370171
405,taltal,-25.4,-70.4833,17.66,81,35,2.27,CL,1731370171
406,meschede,51.35,8.2833,7.56,96,100,1.17,DE,1731370171
407,arkhangel'sk,64.5401,40.5433,0.06,100,100,7.0,RU,1731370172
408,trevelin,-43.0858,-71.4639,5.44,97,100,2.42,AR,1731370172
409,virginia,37.5481,-77.4467,18.06,87,0,3.6,US,1731370172
410,batouri,4.4333,14.3667,20.14,76,55,1.46,CM,1731370172
411,mossel bay,-34.1831,22.146,16.49,86,7,1.1,ZA,1731370173
412,kovalam,8.3667,76.9967,26.05,83,40,1.54,IN,1731370173
413,konkwesso,10.8469,4.0984,22.56,34,11,2.13,NG,1731370173
414,brainerd,46.358,-94.2008,1.14,71,0,1.54,US,1731370174
415,vadso,70.0744,29.7487,2.09,80,75,3.6,NO,1731370174
416,port augusta,-32.5,137.7667,23.91,56,0,1.85,AU,1731370164
417,el zulia,7.9325,-72.6012,28.36,83,75,4.12,CO,1731370175
418,santiago de cuba,20.0247,-75.8219,29.06,79,40,2.57,CU,1731370175
419,phongsali,21.6833,102.1058,17.53,92,100,0.13,LA,1731370175
420,mineiros,-17.5694,-52.5511,23.91,70,40,1.02,BR,1731370175
421,alta,69.9689,23.2717,-1.41,86,100,4.12,NO,1731370176
422,doka,13.5167,35.7667,26.46,35,1,4.24,SD,1731370176
423,saint-pierre,-21.3393,55.4781,22.82,78,20,1.03,RE,1731370000
424,santana,-0.0583,-51.1817,29.1,79,20,3.6,BR,1731370177
425,chifeng,42.2683,118.9636,4.45,58,0,1.9,CN,1731370177
426,laboulaye,-34.1266,-63.3912,15.06,22,0,3.21,AR,1731370177
427,talara,-4.5772,-81.2719,21.42,73,75,6.69,PE,1731370178
428,kiunga,-6.1219,141.2906,24.88,93,100,0.59,PG,1731370178
429,balabac,7.9868,117.0645,27.97,76,90,1.13,PH,1731370178
430,diamante,-32.0664,-60.6384,16.17,36,1,3.57,AR,1731370178
431,st. john's,47.5649,-52.7093,7.21,89,100,1.34,CA,1731370179
432,nikolayevsk-on-amure,53.1406,140.73,-7.53,84,93,3.03,RU,1731370179
433,borogontsy,62.6683,131.1683,-18.72,98,99,1.52,RU,1731370179
434,bandon,51.7469,-8.7425,7.77,89,23,0.94,IE,1731370180
435,nieuw amsterdam,5.8833,-55.0833,25.85,87,99,5.72,SR,1731370180
436,tutoia,-2.7619,-42.2744,26.22,82,83,5.11,BR,1731370181
437,sydney,-33.8679,151.2073,23.19,73,75,6.17,AU,1731369602
438,broome,42.2506,-75.833,12.03,75,100,4.12,US,1731370181
439,kargasok,59.0556,80.8572,-10.2,91,100,5.84,RU,1731370182
440,banda aceh,5.5577,95.3222,25.11,81,100,4.32,ID,1731370182
441,binzhou,37.3667,118.0167,13.72,78,1,1.89,CN,1731370183
442,dauphin,51.1494,-100.0502,0.56,71,91,3.56,CA,1731370183
443,cabo san lucas,22.8909,-109.9124,27.17,62,20,4.63,MX,1731369918
444,brookings,44.3114,-96.7984,3.36,77,0,2.57,US,1731370069
445,chulym,55.0997,80.9572,-10.61,89,95,6.15,RU,1731370184
446,novyy urengoy,66.0833,76.6333,-22.08,95,100,6.51,RU,1731370184
447,murghob,38.1702,73.9667,-10.14,55,6,2.93,TJ,1731370184
448,dapa,9.7594,126.0531,27.85,78,36,0.54,PH,1731370185
449,utiel,39.5667,-1.2,8.86,74,13,2.37,ES,1731370185
450,the pas,53.8251,-101.2541,0.01,86,100,5.14,CA,1731370185
451,uzice,43.8586,19.8488,1.58,88,100,0.49,RS,1731370186
452,santiago de surco,-12.15,-77.0167,21.07,77,20,5.14,PE,1731370186
453,tafuna,-14.3358,-170.72,30.97,66,40,5.14,AS,1731370186
454,la mira,18.035,-102.3266,26.72,81,12,2.98,MX,1731370186
455,kupang,-10.1667,123.5833,31.32,62,20,1.03,ID,1731370187
456,labasa,-16.4167,179.3833,28.52,72,96,4.05,FJ,1731370187
457,el bayadh,33.6832,1.0193,8.94,76,12,1.98,DZ,1731370187
458,piti village,13.4626,144.6933,30.39,83,96,3.48,GU,1731370188
459,williams lake,52.1415,-122.1445,4.47,95,88,1.11,CA,1731370188
460,broken hill,-31.95,141.4333,26.15,38,19,6.89,AU,1731370188
461,levallois-perret,48.9,2.2833,8.63,91,0,3.6,FR,1731370189
462,erenhot,43.6475,111.9767,1.85,62,0,3.73,CN,1731370189
463,opuwo,-18.0607,13.84,19.57,41,16,0.63,NA,1731370189
464,road town,18.4167,-64.6167,27.01,79,100,8.29,VG,1731370190
465,fortuna,40.5982,-124.1573,14.96,75,75,0.0,US,1731370058
466,plyeshchanitsy,54.4222,27.8331,1.23,70,80,1.39,BY,1731370190
467,menongue,-14.6585,17.691,16.93,96,100,1.23,AO,1731370191
468,itaituba,-4.2761,-55.9836,27.12,67,96,1.4,BR,1731370191
469,oliver,49.1831,-119.5524,5.7,97,100,0.26,CA,1731370191
470,polyarnyy,69.1989,33.4478,2.23,89,100,7.28,RU,1731370192
471,center,31.5107,-96.4247,22.11,47,0,1.54,US,1731370192
472,antalaha,-14.9003,50.2788,23.2,91,100,2.22,MG,1731370193
473,ola,59.5833,151.2833,-12.48,71,100,5.85,RU,1731370193
474,moundsville,39.9203,-80.7431,14.08,75,11,3.87,US,1731370193
475,kinablangan,7.6947,126.5503,27.13,77,51,0.45,PH,1731370194
476,kertih,4.5141,103.4483,25.05,94,99,1.55,MY,1731370194
477,hadibu,12.65,54.0333,25.38,83,34,3.71,YE,1731370010
478,ponta delgada,37.7333,-25.6667,20.4,94,75,8.75,PT,1731370194
479,belmonte,-15.8631,-38.8828,22.96,92,15,2.2,BR,1731370195
480,selfoss,63.9331,-20.9971,10.58,98,100,9.22,IS,1731370195
481,lompoc,34.6391,-120.4579,14.4,85,100,6.17,US,1731369928
482,pemangkat,1.1667,108.9667,26.11,83,70,1.94,ID,1731370196
483,saint-philippe,-21.3585,55.7679,23.23,87,62,5.15,RE,1731370196
484,zemio,5.0314,25.1361,20.87,92,96,0.96,CF,1731370196
485,oral,51.2333,51.3667,-2.61,62,2,1.45,KZ,1731370197
486,zaragoza,41.6561,-0.8773,12.79,63,0,8.75,ES,1731370197
487,yayva,59.3303,57.2641,-6.48,90,100,3.38,RU,1731370197
488,ta'izz,13.5,44.0,17.9,75,45,1.74,YE,1731370197
489,kuanda,56.3161,116.0806,-16.78,92,78,0.57,RU,1731370198
490,port-gentil,-0.7193,8.7815,26.06,86,92,4.78,GA,1731370198
491,san patricio,28.017,-97.5169,25.97,58,32,4.11,US,1731370198
492,fomboni,-12.28,43.7425,27.53,78,14,4.06,KM,1731370199
493,liberal,37.0431,-100.921,15.08,58,0,2.57,US,1731370199
494,borzna,51.2546,32.4269,0.54,88,56,2.15,UA,1731370199
495,bhawanipatna,19.9,83.1667,19.06,80,44,0.85,IN,1731370200
496,turpan,42.9333,89.1667,6.98,63,0,0.92,CN,1731370184
497,yonan-up,37.9089,126.1611,12.03,64,38,2.92,KP,1731370201
498,huancavelica,-12.7667,-74.9833,3.52,92,86,3.16,PE,1731370201
499,bowen,-20.0167,148.2333,27.19,59,14,4.24,AU,1731370201
500,el galpon,-25.3807,-64.6526,13.61,87,100,3.39,AR,1731370202
501,xapuri,-10.6517,-68.5044,27.17,68,100,0.98,BR,1731370202
502,nuuk,64.1835,-51.7216,-2.66,100,100,3.09,GL,1731370202
503,las vegas,36.175,-115.1372,23.76,16,20,7.72,US,1731369600
504,urengoy,65.9667,78.3667,-21.99,95,100,6.42,RU,1731370203
505,san carlos,9.6612,-68.5827,24.78,83,54,1.89,VE,1731370203
506,porto tolle,44.9497,12.3245,9.69,65,50,0.66,IT,1731370203
507,mandiana,10.6333,-8.6833,23.66,44,3,1.16,GN,1731370204
508,egilsstadir,65.2653,-14.3948,9.08,93,100,8.62,IS,1731370204
509,sinop,41.7711,34.8709,6.98,91,59,0.75,TR,1731370204
510,tostado,-29.232,-61.7692,15.92,75,82,2.39,AR,1731370205
511,live oak,36.9836,-121.9805,15.34,84,75,3.13,US,1731370205
512,luena,-11.7833,19.9167,15.86,97,24,1.31,AO,1731370205
513,barra de santo antonio,-9.4047,-35.5072,25.65,78,84,5.75,BR,1731370205
514,lakatoro,-16.0999,167.4164,28.0,64,61,3.62,VU,1731370206
515,maunabo,18.0072,-65.8993,26.61,92,97,4.37,PR,1731370206
516,port blair,11.6667,92.75,28.02,83,40,2.06,IN,1731370206
517,hosakote,14.2769,77.1699,20.92,72,30,1.73,IN,1731370207
518,amble,55.3333,-1.5833,7.08,81,20,3.09,GB,1731370207
519,xiongzhou,25.1167,114.3,19.63,78,5,1.47,CN,1731370207
520,banaz,38.7371,29.7519,6.43,70,2,2.67,TR,1731370208
521,sechura,-5.5569,-80.8222,19.4,78,31,8.3,PE,1731370208
522,lai chau,22.3997,103.4517,16.63,84,71,0.76,VN,1731370208
523,luanda,-8.8368,13.2343,25.1,82,76,3.03,AO,1731370209
524,biltine,14.5333,20.9167,25.05,24,0,5.71,TD,1731370209
525,kiama,-34.6833,150.8667,23.1,82,84,0.89,AU,1731370209
526,sebezh,56.2955,28.4654,0.78,82,91,1.79,RU,1731370209
527,vorotynsk,54.4283,36.0465,-0.6,86,95,1.68,RU,1731370210
528,carutapera,-1.195,-46.02,26.19,81,69,4.32,BR,1731370104
529,hammerfest,70.6634,23.6821,5.25,93,100,1.54,NO,1731370210
530,flin flon,54.7682,-101.865,0.82,70,98,5.22,CA,1731370211
531,sorong,-0.8833,131.25,27.02,82,78,2.44,ID,1731370211
532,podporozh'ye,60.9112,34.1706,-1.57,88,100,1.87,RU,1731370211
533,quellon,-43.1167,-73.6167,9.6,93,100,2.53,CL,1731370212
534,buta,2.7858,24.73,20.9,98,96,0.75,CD,1731370212
535,gaogou,34.0175,119.1886,15.72,73,5,1.21,CN,1731370212
536,south hill,47.1412,-122.2701,10.04,88,0,3.09,US,1731370213
537,nanning,22.8167,108.3167,23.1,64,55,0.92,CN,1731370213
538,mezhdurechenskiy,59.6,65.9333,-9.91,92,85,3.16,RU,1731370214
539,rehoboth,-23.3167,17.0833,19.15,15,0,1.56,NA,1731370214
540,paka,4.6374,103.4368,24.99,94,98,1.38,MY,1731370214
541,muheza,-5.1667,38.7833,22.69,93,34,0.53,TZ,1731370215
542,gazli,40.1333,63.45,8.38,56,99,3.06,UZ,1731370215
543,rawai,7.7797,98.3253,29.99,83,100,2.9,TH,1731370215
544,uray,60.1247,64.7758,-9.82,92,86,3.09,RU,1731370216
545,kourou,5.1552,-52.6478,25.15,81,99,3.71,GF,1731370216
546,levuka,50.1834,-105.4011,6.32,54,96,8.34,CA,1731370216
547,figuig (centre),32.1089,-1.2286,14.31,43,1,1.27,MA,1731370217
548,impfondo,1.6381,18.0667,21.37,99,59,1.31,CG,1731370217
549,gazojak,41.1875,61.4036,8.6,52,98,3.1,TM,1731370217
550,san andres,12.5847,-81.7006,26.01,89,40,2.06,CO,1731370217
551,xai-xai,-25.0519,33.6442,22.18,96,73,2.34,MZ,1731370218
552,humaita,-7.5061,-63.0208,26.21,77,59,1.03,BR,1731370218
553,ulety,51.3572,112.4849,-14.86,97,15,0.46,RU,1731370108
554,kismayo,-0.3582,42.5454,26.49,83,74,4.06,SO,1731370219
555,zelenoborskiy,66.845,32.3622,2.34,87,100,3.4,RU,1731370219
556,kyelang,32.5833,77.0333,-6.96,77,19,3.56,IN,1731370219
557,an nuhud,12.7,28.4333,23.38,22,32,6.95,SD,1731370220
558,delijan,33.9905,50.6838,14.0,39,29,0.84,IR,1731370220
559,birjand,32.8663,59.2211,4.26,41,0,2.06,IR,1731370220
560,san martin,-33.081,-68.4681,20.26,23,0,4.58,AR,1731370220
561,north ward,-19.2454,146.8075,29.95,54,40,4.63,AU,1731370221
562,acajutla,13.5928,-89.8275,26.33,80,24,0.84,SV,1731370221
563,salinopolis,-0.6136,-47.3561,26.92,79,100,5.74,BR,1731370221
564,porto novo,6.4965,2.6036,25.62,87,54,1.58,BJ,1731370014
565,kamaishi,39.2667,141.8833,11.3,53,94,0.97,JP,1731370222
566,henderson,36.0397,-114.9819,24.51,16,0,8.75,US,1731370222
567,rio grande,-32.035,-52.0986,17.49,88,100,6.55,BR,1731370223
568,cascais,38.6979,-9.4215,18.06,63,0,1.34,PT,1731370223
569,yigo village,13.5361,144.8886,29.52,81,0,3.09,GU,1731370223
570,howrah,22.5892,88.3103,23.0,83,40,2.06,IN,1731370223
571,ta`u,-14.2336,-169.5144,27.38,72,36,5.51,AS,1731370224
572,galveston,29.3669,-94.9669,25.56,72,0,2.57,US,1731370224
573,nelson,-41.2833,173.2833,15.99,58,67,3.08,NZ,1731370225
574,kyabe,9.4515,18.9449,24.92,40,26,1.0,TD,1731370225
575,juan griego,11.0817,-63.9655,26.61,86,14,3.52,VE,1731370225
576,mahina,-17.5065,-149.489,29.87,66,20,2.57,PF,1731370226
